{"Waypoint": {"Distance": 0.0, "Bearing": 0.0}, "GPS": {"Latitude": 28.58566, "Bearing": 162.53335571289062, "Longitude": -81.199234}}